{
    "Accuracy": 0.956140350877193,
    "Precision": 0.9459459459459459,
    "Recall": 0.9859154929577465,
    "F1 Score": 0.9655172413793104,
    "ROC AUC": 0.9977071732721914
}