{
    "Accuracy": 0.9649122807017544,
    "Precision": 0.958904109589041,
    "Recall": 0.9859154929577465,
    "F1 Score": 0.9722222222222222,
    "ROC AUC": 0.9963969865705863
}