{
    "Accuracy": 0.956140350877193,
    "Precision": 0.9583333333333334,
    "Recall": 0.971830985915493,
    "F1 Score": 0.965034965034965,
    "ROC AUC": 0.9944317065181788
}